etablissement,contreventions
RESTAURANT BASHA,23
KAIDO SUSHI,13
SUPER MARCHE BKR,10
PRODUITS ALIMENTAIRES ORIENTAL ENR,10
DOUBLE PIZZA,10
RESTAURANT LE SOMMET,10
SUPER MARCHE TROPIC,10
SUSHI PLUS,9
THAI EXPRESS,9
BUFFET CHINOIS FU LAM,9
LE CRISTAL CHINOIS BBQ EXPRESS,9
LAHMADJOUNES ARMENIENS,8
ESPOSITO,8
RESTAURANT NOUVEAU CASA DE LA PIZZA,8
SAINT-JEAN BAGEL,8
RAM SWEETSHOP,8
RESTAURANT CARI MASALA,8
VINCENT SOUS-MARIN,8
RESTAURANT WOODLAND,7
RESTAURANT VEGETARIEN PHO-DA SON,7
BOULANGERIE & PATISSERIE AMIENS,7
RESTAURANT AMIR,7
CARRIBEAN SPICY (COMPTOIR JANET SPICY),7
RESTAURANT JOLEE,7
MARCHE MICHELET,7
FEFA RESTO,7
SECOND CUP,7
RESTAURANT NADA,7
RESTAURANT SANA HALAL,7
DEPANNEUR SOPHI ANDREW,7
IMPERIAL,7
PIZZA RONI,7
RESTAURANT KALOHIN,7
SUPERMARCHE SAKARIS,6
EPICERIE MARCHE D'OR MJ INC.,6
SOUVLAKI GEORGE,6
RESTAURANT FOO LAM,6
ICHI SUSHI,6
RESTAURANT DELUXE,6
RESTAURANT WAHLY,6
MARCHE D'ALIMENTATION COREEN MTL,6
ALIMENTS MARINA,6
LA BELLE PROVINCE,6
RESTAURANT SUSHI CRESCENT,6
BUFFALO BILL WINGS,6
RESTAURANT CULTURES,6
LOTUS BLEU,6
RESTAURANT ALISSAR,6
PARIS CAFE,6
QUINGHUA DUMPLING,6
L'EUROMARCHE LATINA (1980),6
DEPANNEUR DE CHARETTE,6
PATISSERIE LES TUILERIES,6
RESTAURANT FUSION,6
PIZZA EXPRESSO,5
RESTAURANT PUSHAP,5
RESTAURANT QUEBERAC,5
ALLO MON COCO PLACE VERTU,5
L'GROS LUXE PLATEAU,5
CHARCUTERIE ARGANE,5
RESTAURANT NUDO,5
PROSCIUTTIFICIO JOHNNY,5
WOK CAFE,5
BOUCHERIE ALIMENTS MARCHIGIANI,5
LA GROTTE,5
RESIDENCE ANJOU 5747,5
MARCHE C & T,5
HURLEY'S BISTRO IRLANDAIS,5
BUFFET CHINOIS MANDARIN,5
SUSHI ST-DENIS,5
LA POISSONNERIE EMPEREUR ROUGE,5
LE MANDARIN,5
LASALLE DRIVE-IN,5
HOUSTON SQUARE VICTORIA,5
RESTAURANT RINO PIZZA,5
MCDONALD'S,5
BOUCHERIE BISMILLA,5
BOULANGERIE PATISSERIE PLOUGASTEL,5
FILOTI PIZZERIA INC.,5
FRUITERIE MILANO,5
EPICERIE MONDIANA,5
RESTAURANT ITAMEA-BEAUBIEN/LA MERVEILLE DU VIETNAM,5
RESTAURANT NOUILLES ETC,5
S.U.B.-SOMETCO INC. (RESTAURANT SUBWAY),5
RESTAURANT AMIS,5
RESTAURANT QUEBEC DELI,5
SORGHO ROUGE,5
RESTAURANT DELI-CAPRI,5
RESTAURANT NOUILLES IMPERIALES,5
RESTAURANT JADE QUARTIER CHINOIS,5
CULTURES,5
MARCHE SAUVE,5
SUPERMARCHE L'OLIVIER,5
DELI QUEEN,5
SUPER MARCHE MOURELATOS,5
BOULANGERIE SERAPHIN,5
CHEZ MORY'S,5
RESTAURANT SADY'S,5
RESTAURANT PATATE ROUGE,4
"BYBLOS, LE PETIT CAFE",4
RESTAURANT HO GUOM,4
MARCHE LE PRO,4
"BOULANGERIE, CHARCUTERIE  LA MARCHEGIANA",4
SUBWAY,4
RESTAURANT LE BRASEIRO,4
KIMCHI DELICE COREEN,4
BAGEL ET CAFE HINNAWI BROS.,4
RESTAURANT K73 OUEST DE L'ILE,4
PATISSERIE BOULANGERIE CAFE VINH HING,4
EPICERIE A LAM KEE,4
RESTAURANT BUFFALO BILL,4
ROMADOS,4
MARCHE C & C,4
MARCHE GHANACAN INC.,4
MARCHE MACCA,4
ETABLISSEMENT DE DETENTION BORDEAUX,4
REST. BAR PIZZELI COQ & REST. SOLYMAR,4
BOUCHERIE HONGROISE (1984),4
KIBI INTERNATIONAL,4
RESTAURANT CHEZ PING,4
HUONG THINH,4
COOPERATIVE DE SOLIDARITE ALIMENTAIRE - MONTREAL,4
MONTREAL POOL ROOM,4
PHO ONG RAU,4
TOTO PIZZERIA LACHINE,4
RESTAURANT TONG POR,4
PIZZERIA LION,4
MARCHE AFRIQUE ST-DENIS,4
LE ROI DE LA POINTE DE PIZZA,4
MARCHE FU TAI,4
MONTREAL KOSHER BAKERY,4
EPICERIE HENG HENG CHANCHAYA,4
BOUCHERIE ET GRILLADES SWAIL,4
SUSHI SAINTE-CATHERINE,4
LA NOUVELLE BOULANGERIE DE MONTREAL,4
TIKI MING,4
CHEZ MON COPAIN,4
RESTO-BAR LE TOIT ROUGE,4
DEJEUNER COSMOPOLITAIN,4
BIRRERIA ITALICO,4
BELLE VIE,4
GOURMET D'ASIE,4
THALI CUISINE INDIENNE,4
RESTAURANT RUBIS ROUGE,4
PETIT MARCHE VEGE,4
WOK DU CHEF,4
RESTAURANT SUSHI ST-JEAN,4
RESTAURANT GRILLADE DE SHANGHAI,4
G & D SUPERMARCHE,4
RESTAURANT AGAVE,4
POUTINE LAFLEUR,4
PATISSERIE NOTRE MAISON,4
LECHE DESSERTS,4
RESTAURANT TOUMA (BERMA),4
LE RESTAURANT DOUBLE PIZZA/ROASTERS EXPRESS MONTREAL-NORD,4
LA QUEBECOISE HOT DOG ENR.,4
BALKANI MONTREAL,4
FC FRUITS ET LEGUMES,4
DEPANNEUR FAMILIA,3
BISTRO SAWADIKA,3
MADISONS NEW YORK GRILL & BAR,3
OUZERI ST-DENIS,3
RESTAURANT AUX SEPT BONHEURS,3
DUNDEE DELI & BAR,3
RESTAURANT SAHIB INC.,3
PIZZA HUT,3
RESTAURANT PHO RACHEL,3
CAFE BISTROT VAN HOUTTE,3
RESTAURANT AKITA,3
SZECHWAN & NOUILLE,3
BOULANGERIE PREMIERE MOISSON,3
BOULANGERIE & PATISSERIE SINDBAD,3
BISTRO BEST CUP (DANS LE CENTRE),3
RESTAURANT KEUNG KEE,3
RESTAURANT ETHAN,3
RESTAURANT CUISINE CANTONAISE,3
RESTAURANT SYJ THAI EXPRESS,3
BISTRO ET PATISSERIE CARMEL,3
RESTAURANT BUFFALO BILL WINGS,3
ECOLE MAIMONIDE,3
ANTIGUA,3
POISSONNERIE CASABLANCA (1999),3
ALIMENTS SANO,3
BAGEL HENRI BOURASSA,3
SUPERMARCHE B. ET G.,3
RESTAURANT DELICIEUX,3
RESTAURANT SUSHI CRYSTAL,3
DIM SUM MONTREAL (CAMION PLAQUE L441462-4),3
MOMMY POISSON ET FRITES,3
EGGSPECTATION (OTAGO),3
MIMIMELON,3
INTER MARCHE  BEAUBIEN,3
MARCHE REYNALD,3
ROTISSERIE MONTEIRO,3
RESTAURANT PETER'S CAPE COD,3
PIZZERIA LA FRITA,3
"PRINCE, RESTAURANT APPORTEZ VOTRE VIN",3
EUROMARCHE FLEURY,3
MARCHE YASMINE ET FRERES INC.,3
DELICES D'ASIE DU MARCHE JEAN-TALON,3
RESTAURANT NILUFAR,3
RESTAURANT FAMEUX VIANDE FUMEE ET CHARCUTERIE,3
RESTAURANT CARVELI,3
MELI-MELO CARAIBE INC.,3
RIZ ET NOUILLES (KIM FU),3
LES 3 BRASSEURS,3
PORK AND PICKLE (DOM -1),3
PIZZA PINOLI,3
RESTAURANT MON SHING,3
RESTAURANT LOMBARDIE,3
MARCHE PIE-IX,3
MCKIBBIN'S IRISH PUB,3
PIZZERIA ALMONDO,3
MARCHE ORIENTAL ST-DENIS INC.,3
CHAMPION PIZZA,3
RESTAURANT LE VILLAGE GREC,3
GOLDEN,3
RESTAURANT GEORGE,3
LA FUSION INDIENNE,3
SATONUT,3
TRATTORIA IL PIATTO PIENO,3
CAFE NOIR,3
RESTAURANT JAWNIES,3
LA BRIOCHE +,3
RESTAURANT LA BELLE PLACE (2009),3
PIZZERIA VILLERAY,3
RESTAURANT DELI BOURASSA,3
BOUCHERIE DU MARCHE,3
PITA ROYALE,3
PANAME RESTAURANT,3
HAPPY LAMB HOT POT,3
BOULANGERIE MONTREAL (LA BOULANGERIE MODERNE BREAD.CO),3
CAFE NEURO (CAFE VIENNE),3
BARBES CAFE-RESTO,3
CASSE-CROUTE CREOLE AUX ANTILLES,3
VERITAS CAFE,3
CASSE-CROUTE RESTO PAM,3
RESTAURANT M.EPICE,3
CASEY'S RESTO BAR,3
STEVEN FINKELSTEIN (LE CAPITAINE),3
RESTAURANT PHO BANG NEW YORK,3
MARCHE BOTINDA,3
BASSE EXPRESS,3
DELICATESSEN POINTE CLAIRE,3
LA CONCESSION,3
CHEZ KHADY,3
L'OEUVRE DES SAMARITAINS,3
BOUCHERS CAPITOL,3
RESTAURANT EUROPEA,3
SUSHI PALACE INC.,3
SUCRERIES KRISHNA,3
CHEZ NOURA,3
GREEN TRAITEUR & CAFÉ,3
RESTAURANT RAJA,3
RESTAURANT THAI EXPRESS,3
RESTAURANT WAH FUNG (KAM FUNG),3
AU PARASOL CHINOIS,3
LE CUPIDON D'OR DELI & GRILL,3
LA CANNOISE,3
ROUGE SANTE II (CLUB SPORTIF COTE-DE-LIESSE),3
RESTAURANT PHO HAOI,3
FRUITERIE ET CHARC. PREMIER CHOIX INC.,3
ROTISSERIE ROASTERS,3
RESTAURANT LE SURFIN 8005,3
MARCHE THAI HOUR,3
MERSON'S PATISSERIE,3
BOULANGERIE DE FROMENT ET DE SEVE,3
MARCHE YASINE,3
PATISSERIE MAISON MOTTAS,3
LES VOLAILLES ET GIBIERS DU MARCHE,3
BOUL. PATISSERIE CHARCUTERIE SAPORI VERI,3
RESTAURANT LE LAI,3
8498 INTER-MARCHE PALUMBO DESORMEAUX,3
RESTAURANT LE COQ EXQUIS,3
CHARCUTERIE NOEL,3
DEPANNEUR R.P.,3
LA PIZZERIA TIME,3
RESTAURANT BUFFET MAHARAJA,3
SUSHI-YA,3
DELI-PANNEUR,3
LE DEPANNEUR CAFE,3
PASTERIA LA MOLISANA,3
RESTAURANT LE BEAUJOLAIS,3
RESTAURANT MINAR,3
FRUITERIE FORCIER,2
MAISON DU NORD CHINOIS 2008,2
L'GROS LUXE MILE END,2
ROTISSERIE COQ-O-BEC,2
COCO PRALIN,2
NOTRE-BOEUF-DE-GRACE,2
AMICI PIZZA PASTA GRIGLIATA,2
CULTURES ET VALENTINE,2
DORVAL BAR + GRILL (LES ALIMENTS MEL GOURMET),2
PALAIS MAHARAJA,2
ELIXOR RESTAURANT,2
CAFE COYOTE,2
RESTAURANT CHEZ PING INC.,2
PECHEUR DU MARCHE,2
RESTAURANT LES DEUX COPAINS,2
RESTAURANT YIA SOU,2
BOULANGERIE PATISSERIE C CHAUD,2
TONKIN EXPRESS,2
MARCHE FERDOUS,2
MARCHE SALABERRY,2
JUKEBOX BURGERS ET BAR LAITIERS,2
MARCHE AMI,2
RESTAURANT AL MANAR,2
RESTAURANT NIKAS SOUVLAKI,2
FITZROY (BOUL NOIR),2
PIZZA ET POULET EXPRESS,2
EGGSCLUSIF,2
CHARCUTERIE SAMOS,2
RESTAURANT LAHORE KARAHI,2
RESTAURANT GOMBO,2
CAFE  BISTRO SOUVENIR,2
CASSE-CROUTE CHEZ PAGI,2
MARCHÉ SHENG TAI,2
KABAB,2
VICTORIA STAR,2
BOUCHERIE CHARCUTERIE BENITO,2
MARCHE DE LUXE,2
VUA SANDWICHS,2
DEPANNEUR BELLEVIE,2
LA BELLE ANNE,2
RESTAURANT TAKARA INC.  # 417,2
RESTAURANT MAKKAH,2
PHO MONT-ROYAL,2
LES FILLETTES,2
RESTAURANT TRANS-CANADA,2
RESTAURANT HARMONIE ORIENTALE,2
BUFFET FU LAM,2
RESTO BAR PORTARA,2
RESTAURANT DRAGON MAGNIFIQUE,2
MARIUS ET FANNY CHOCOLATIER,2
SECOND PIZZA,2
NOUVEAU MARCHE MEGHNA INC.,2
LA PATISSERIE FRANCAISE BEL AIR,2
TIKI-MING,2
BOULANGERIE SALEM,2
POULET FRIT KENTUCKY/TACO BELL #1121,2
DEPANNEUR FLEUR BLEUE,2
RESTAURANT FISSHU,2
RESTAURANT SHAHI PALACE,2
RESTAURANT EMERAUDE DE BANGKOK,2
L'ARTIZAN PIZZA,2
NOUVEAU SOUS-MARINS ROYAL,2
RESTAURANT NGUYEN PHI,2
LA PREP,2
BOULANGERIE KASCHER DE QUALITE,2
EXPO CHENNAI,2
CAFETERIA COOP HEC,2
PASTA CAFE,2
GÂTEAU LE ROYAL,2
VIA MARCELLO RESTAURANT,2
O DEUX SOEURS,2
RESTAURANT IRIS,2
LES ALIMENTS BON JOUR INC.,2
CAFE RESTO CHEZ AKEF (TAXIS),2
AUTOUR D'UN PAIN,2
NOUVELLE RESERVE MC GILL ENR.,2
RESTAURANT JANANI,2
RESTAURANT TRATTORIA TEVERE,2
RESTAURANT KOMIKO,2
LA CECILIA,2
KLONDIKE,2
BISTRO IL CENTRO DA CARLO,2
PIZZA ST-LAURENT,2
RESTAURANT FUNG SHING,2
MARCHE NUVO,2
RESTO CAFE JOJO'S,2
MANDYS,2
RESTAURANT LYLA,2
PHO THANH,2
NEW MARCHE 786,2
MARCHE AKHAVAN,2
LES COCHONS TOUT RONDS,2
MARCHE SELECT-CHOIX,2
LE PARADIS DES FRUITS,2
BOULANGERIE PATISSERIE GUIZOT,2
MINI-EMANUELLE ME #234A,2
PIZZA PLANETE,2
RESTAURANT ST-AUBIN,2
MARCHE EPICURE,2
RESTAURANT ORIENTAL NGAN DINH,2
RESTAURANT IL BOCCALINI,2
POT DE LUZY,2
RESTAURANT BASHA 08 INC.,2
PIZZA WELLINGTON,2
POISSONNERIE NORGATE,2
BAR & PIZZERIA FIORELLINO,2
BOULANGERIE BON MARCHE CANTOR,2
RESTAURANT MAISON DE CURRIE GOLDEN INC.,2
SOURCE DE VIE ANTILLAIS,2
RESTAURANT TAY DO,2
PIZZERIA MORETTI,2
RESTAURANT PHO NGOC TUAN,2
RESTAURANT CHINOIS HAOHAO,2
LA REINE PATISSIERE,2
AQUA LUNCH,2
LA PIZZERIA 4 FRERES EXPRESS,2
MAISON DU EGG ROLL & LE PAPRIKA,2
PROVIDENCE SAINT-DOMINIQUE 1215,2
MARCHE CORDOBA,2
VINNIE GAMBINI,2
ROYAL PATATE,2
9257-9325 QUEBEC INC. (CHUCHAI),2
THAI EXPRESS & OBURGER,2
RESTAURANT LE BEARN,2
SUBWAY LA RONDE,2
BISTRO ADRIATICA,2
RESTAURANT COPOLI,2
CHARCUTERIE CAZA,2
AU BON CAFÉ,2
MON CHICHA BISTRO,2
CHOCOLATERIE LEONIDAS,2
RESTAURANT JONAS,2
MARCHE DU CHEF,2
METRO PLUS DOLLARD,2
MARCHE D'AFRIQUE,2
PATISSERIE MOLISANA,2
CORA SAINT-LAURENT,2
RESTO LES SAISONS DE COREE,2
RESTO B.B.Q. THAI SON,2
RESTAURANT TOKYO SUSHI-BAR VIEUX PORT,2
ENTREPRISES VANA INC. (MC DONALD'S),2
CAFE ROI SOLAIRE (CAFE ASIA PLUS),2
CHARCUTERIE AMSELLEM SAINT-LAURENT,2
RESTAURANT AZIR,2
RESTAURANT HACHOIR,2
TUTTI FRUTTI PLACE DUPUIS,2
COTE SAINT-LUC B.B.Q.,2
DOUBLE PIZZA NORMANDIE,2
CAFE VIENNE,2
PHO BAC 97,2
PIZZA SICILY,2
BRASSERIE 321,2
SUPERMARCHE CACHERE ONE STOP,2
AILES BUFFALO BILL,2
SUSHI SAMA FUSION 1,2
VINO ROSSO (BUFFET CRYSTAL),2
LES PETITES BAGUETTES PLUS,2
GUSTAVE,2
PLOUGASTEL,2
MAISON BONG,2
SOUVLAKI BAR,2
LA BRASSERIE ST-DENIS,2
RESTAURANT KULJIT INDIA,2
RESTAURANT BANH MI MADAME LY,2
RESTAURANT NAM QUAN,2
BAGEL DE L'OUEST,2
LA MAISON HO,2
CHEZ DANIEL (BOULANGERIE KASHER),2
RESTAURANT PHO MYMY,2
HOUSTON (US-77),2
POUTINE EN FOLIE,2
JUS JUGO JUICE,2
VARIETE DEPANNEUR UNIK,2
3 AMIGOS  RESTO/BAR,2
RESTAURANT LA CARRETA,2
LAITUE & GO INC.,2
"LE PETIT COIN, EPICERIE",2
V ET V CAFE,2
PUB ST-PAUL,2
LES ALIMENTS ESPOSITO,2
E. BOURDON ET FILS,2
T.A.B. CAFE RESTAURANT,2
RESTAURANT GUS,2
RESTAURANT FOREST,2
MANGUE ET MELON,2
GARDERIE GAN OR,2
MARCHE 27,2
PATISSERIE LAJEUNESSE,2
KORYO KOREAN BBQ,2
POUTINEVILLE,2
LE CRISTAL CHINOIS,2
WOKTOGO,2
VIP BOULANGERIE RESTAURANT,2
RESTAURANT JIMMY,2
CAFE PARVIS,2
CULTURES PLACE FELIZ MARTIN,2
PIZZA MADONA,2
RESTAURANT CARTE BLANCHE,2
DOBE AND ANDY,2
LA FLAMBERGE,2
BOUCHERIE AUX DEUX GAULOIS,2
RESTAURANT GRILLADES & SUSHIS,2
BOUCHERIE WALIMA,2
O.-C.-N. IMPORT,2
CAFE TUNIS,2
PUB MC LEAN /MC LEAN'S PUB,2
RESTAURANT U CAN,2
MAISON INDIAN CURRY,2
NEW MONDO CAFE,2
RIZ ET NOUILLES,2
ALLO MON COCO,2
RESTAURANT NOUVEAU DELHI EXPRESS,2
LE PUB DU METRO,2
CAFE INTERNATIONAL,2
RESTAURANT TAY DO 2013,2
MONSIEUR HOT DOG PLUS,2
DESI DERA RESTAURANT,2
BOULANGERIE PATISSERIE CHEZ ANA,2
RESTAURANT KURDE,2
LA VIDA CASSE-CROUTE CREOLE,2
MARCHE AL-MUBARAK,2
RESTAURANT LA LUMIERE DE L'INDE,2
CHEMIN FAISANT,2
CUISINE INDIENNE SUCREE MALHI,2
RESTAURANT A QUINTA,2
TIM HORTONS,2
KIEN VINH TRADING INC.,2
MAGASIN LA BAIE DES FROMAGES CANADA,2
NOS THES & CAFES,2
RESTAURANT KIM FAY,2
RESTAURANT DIRTY DOGS MONT ROYAL,2
SABRA 5 ETOILES,2
MARCHE A TUNIS,2
RESTAURANT CHAND PALACE INDIEN,2
BOULANGERIE ET TRAITEUR APPAS,2
LE RESTO DU VILLAGE,2
RESTAURANT PARIS PHO,2
MUFFINS PLUS,2
RESTAURANT BOMBAY TANDOORI,2
RESTAURANT SHAHI RASOI,2
RESTAURANT FERRARI,2
PATISSERIE BOULANGERIE EFES INC.,2
RESTAURANT FORNARINA,2
SABOR LATINO  (1),2
CULTURES ET THAI EXPRESS,2
BEAUBIEN BAGEL,2
NOUVEAU RESTO MAK MAK,2
BOULANGERIE & PATISSERIE ALKARAM,2
AL-BAGHDADI,2
RESTAURANT CHEF GURU G,2
AU VIEUX DULUTH EXPRESS,2
YAMASA SUSHI,2
RESTAURANT LA JOIE,2
RESTO CAFE ROYAL,2
SILVER DRAGON II,2
RESTAURANT PAULO ET SUZANNE,2
e1,1
RESTAURANT TANDOORI BELLEVUE,1
LES DELICES DU MAGHREB,1
MAIKO SUSHI DES SOURCES,1
RESTAURANT BLOOMFIELD,1
CUISINE EPICEE,1
PREMIERE FONDUE,1
PATE COLOCCIA,1
BIO SOURCE WESTMOUNT,1
FRUITERIE SHAANA,1
CHARCUTERIE FAIRMOUNT,1
RESTAURANT DEJEUNER LA TERRASSE,1
REAL BAGEL,1
CAFE EXPRESSION,1
CHARCUTERIE EUROPE,1
THAIRIFFIC CUISINE THAILANDAISE,1
CAFE SABLE D'OR,1
RESTAURANT ROYAL TANDOORI EXPRESS,1
BON MARCHE,1
CAFE DAYLIGHT,1
RESTAURANT CHEZ LIEN PLUS,1
PIZZA SHERBROOKE,1
LA MATRACA,1
RESTAURANT EL CHALATECO,1
RESTAURANT LA KHAIMA,1
MARCHE JASMIN,1
RESTAURANT RAJASTAN,1
RESTAURANT LA MER JAUNE,1
THAI IMAGINATION,1
RESTAURANT ARZOU EXPRESS,1
RESTAURANT TAO/ ICHING,1
LA MAISON DE LA TORREFACTION,1
RESTAURANT MIKES ROSEMONT,1
MATSUNO SUSHI FUSION,1
MEX TORADDOS,1
POISSONNERIE CARTIERVILLE,1
RESTAURANT LE SURFIN,1
9518452 CANADA CORPORATION (LA BELLE PROVINCE DORVAL),1
CENTRALE BERGHAM,1
BURGER KING,1
RESTAURANT LA MAISON KUM MON,1
MAMA SOFIA,1
LE RITZ PATISSERIE BOULANGERIE,1
SOLLY'S,1
RESTAURANT MIKADO ST-DENIS,1
FESTIVAL PHILIPPINES BOULANGERIE,1
POISSONNERIE ET RESTAURANT RAYAN,1
RESTAURANT ASIE MODERNE,1
RESTAURANT KANDA SUSHI,1
BOUCHERIE DES TREMBLES,1
PIZZA PROVOST,1
CORALLI,1
CHARCUTERIE LE CARTIER INC.,1
RESTAURANT ARAHOVA ST-VIATEUR,1
PATISSERIE ROCOCO,1
CARLOS CALIFORNIA PIZZA,1
RESTAURANT SHO-DAN,1
RESTAURANT TORA SUSHI,1
PATISSERIE ET CHARCUTERIE BOURRET,1
RESTAURANT FRONTLINE,1
RESTAURANT GREENSPOT,1
RESTAURANT FU JIA,1
TABAGIE METRO HONORE-BEAUGRAND,1
CULTURES - PLACE VERTU,1
TRAITEUR EVOO SANTE,1
SHUCK ME (EVS),1
C.THAI,1
L'ORCHIDEE DE CHINE,1
MC DONALD,1
MARCHE KIM PO,1
MARIEPAIN,1
FRUITS DE MER DS,1
DEPANNEUR GRAVEL 11 M,1
MARCHE COMMENT ALLEZ-VOUS TOUT LE MONDE,1
CALISTOGA GRILL,1
BISTRO BELGE LE COMME CHEZ SOI,1
RESTAURANT THALI,1
RESTAURANT L'ESCALE,1
L'ART DU HAMBURGER,1
RESTAURANT KHANH CHAU INC. (LE GOUT DE LA THAILANDE),1
RESTAURANT DRIVE-IN MON AMI,1
MILK N' HONEY SERVICES,1
BRASSERIE LUCILLE,1
RESTAURANT AU PIED DE COCHON,1
ISMAELOS LE ROI DE LA POUTINE ET PLUS,1
RESTAURANT CHEZ TUNG,1
CLUB DE DANSE SOCIAL R.D.V.INC.,1
TANY 1,1
LE COIN B,1
RESTO-CAFE TIME SQUARE,1
SUSHI SHOP,1
TRAITEUR BESO,1
RESTAURANT TRATTORIA LA VILLETTA,1
ACADEMIE SOLOMON SCHECHTER,1
MA DOUCE MOITIE,1
L'ORIGINAL PEDDLERS BAR GRILLADES REST.,1
GRILL & GO,1
KOSTAS PIZZERIA,1
CASSE-CROUTE SAVEUR MADOU,1
MARMITE SU'L FEU,1
GAUFRE MIGNONNE,1
CORONET PIZZERIA ENR.,1
RESTAURANT A & W,1
RESTAURANT BOUSTAN,1
S.O. QUN,1
SAINT-HOUBLON 2,1
RESTAURANT ROTISSERIE GICANU,1
RESTAURANT LULU,1
RESTAURANT PILI PILI,1
3 AMIGOS,1
LE VERTIGE,1
LES ALIMENTS ESPOSITO (ST-MICHEL) LTEE,1
BAR & BILLARD UNISON,1
EPICERIE MUSCAT,1
CAIFAN,1
JAVA-U,1
RESTAURANT SCORES,1
JACK ASTOR BAR & GRILL,1
PETIT SEOUL,1
CHSLD LACHINE,1
RESTAURANT LA LOUISIANE,1
LES ALIMENTS YUPIK,1
VILLA DU SOUVLAKI,1
BORD EAUX,1
CAFETERIA SERVICE ALIMENTAIRE EXCELSO,1
MARCHE KIM HOUR,1
KAMPAI BEER GARDEN,1
FANG EXPRESS,1
HOLDER,1
RESTAURANT TGV ISTANBUL,1
RESTAURANT KIMBOB CAFE,1
PROVISIONS CALDWELL,1
RESTAURANT POULET A 3 PATTES,1
RESTAURANT CHEZ MAMIE,1
RESTAURANT CARI MELA,1
SUSHI TIME,1
PIZZA 2 POUR 1,1
CAFE BISTRO L'EXPRESSO (VAN HOUTTE),1
LAPIN PRESSE,1
RESTAURANT JUNIOR,1
RESTAURANT BELLEPROS,1
CAFE ATRIUM,1
BOULANGERIE BALSAMINE,1
LA BONNE MAMAN SERVICE TRAITEUR,1
LA GROTTE DEL MARE,1
MANDY'S,1
CENTRE D'HEBERGEMENT YVON-BRUNET,1
REVES ASSAISONNES,1
RESTAURANT SHI TANG,1
PATISSERIE DE NANCY,1
FERME PATEL,1
RESTAURANT BMS,1
PUB BISHOP & BAGG INC.,1
RESTO LE PETIT SUD,1
A.D.N FOODS,1
POISSONNERIE NOUVEAU FALERO PLUS,1
ESTIATORIO LA PORTE GRECQUE,1
L'INTER MARCHE DU PLATEAU,1
JARDIN DE L'ORCHIDEE,1
GARDERIE LES TRESORS DU QUARTIER,1
BOULANGERIE & PATISSERIE SALERNO,1
RESTAURANT MAISON ISTANBUL KEBAB,1
PANAME,1
CAFE SEPTEMBRE,1
EGGSPECTATION ROCKLAND,1
BULK BARN,1
ARAMARK (BOMBARDIER #2297),1
GRILLADES TARBOOSH,1
PASTA EXPRESS,1
LE PARTICULIER,1
FARROUJ EXPRESS,1
BOCADILLO,1
DILALLO & FILS,1
SALLE D'AMUSEMENT CIOCIARO,1
RESTAURANT DIDAR,1
THYMOTHY'S WORLD COFFEE,1
PUSHAP,1
RESTO L'ENTREPOT MONT ROYAL LTEE,1
RESTAURANT PHO MYMY EXPRESS,1
MARCHE PALUMBO INC.,1
RESTAURANT AU TAROT,1
CHEZ JACKIE ET FRANCE S.E.N.C.,1
RESTAURANT PHO VY,1
PATISSERIE L'IRREDUCTIBLE,1
RESTAURANT SALATEEN,1
BOULANGERIE MENAGO (SPICEES),1
BAR LOUNGE ROCKSTAR / GOURMETS DES ILES,1
LES MOULINS LA FAYETTE,1
CAFE TOMMY,1
SUPERMARCHE AKHAVAN,1
ALIMENTATION GUSTA,1
PATATERIE LA BELLE PROVINCE,1
RESTAURANT P & J,1
BEN ET FLORENTINE,1
SUBWAY #15771,1
BOUCHERIE ALMARAI,1
RESTAURANT BOL ORANGE,1
DEL FRISCOS,1
RESTAURANT SARA,1
CIE NATIONALE D'IMPORTATION DE HARENGS,1
LES VIANDES MTL QC,1
DEPOT VENDEUR DV #211,1
RESTAURANT ROASTERS SPORT ET BAR,1
WAWEL,1
DEPOT VENDEUR DV #110,1
POISSONNERIE MER BLEUE,1
BISTRO-ATLAS (METRO HONORE-BEAUGRAND),1
RESTAURANT TRATTORIA DEL SUD,1
LE SPEAKEASY,1
RESTAURANT LA MAREE,1
MAGASIN MEDITERANNEE,1
LES MARCHES D'ALIMENTS NATURELS ET BIO TAU,1
RESTAURANT LA ROULOTTE,1
CUISINE AUNTDAI,1
RESTAURANT BON APPETIT DES ANTILLES,1
RESTAURANT MON NAN,1
MARCHE PECHE PECHE,1
MANCHU WOK,1
COUCHE-TARD #398,1
PAVILLON KHALIL GIBRAN (TRAITEUR MONTE CARLO),1
AU GOUT TROPICAL,1
RESTAURANT CHAO PHRAYA,1
MARCHE AL-HAAJ,1
LA CORNICHE ST-LAURENT INC.,1
METRO BELLEMARE,1
RESTAURANT AU VIEUX DULUTH,1
DEPANNEUR FORTUNE 2013,1
FOLIE EN VRAC,1
ETUDIANT SAVOUREUX BIRYANI,1
FRUITERIE MILE-END,1
BAR SANTE EXPRESS  (METRO HONORE-BEAUGRAND),1
DEPANNEUR BECOTTE 1487,1
BOULANGERIE ET PATISSERIE LASALLE R.D.P. INC.,1
LE GRILL BARROSO,1
ROYALE PATATE,1
ROTISSERIE COCO RICO,1
DOUBLE PIZZA-CHARLEROI,1
BOUCHERIE CHARCUTERIE MOTTA,1
RESTAURANT SPICY GRILLE,1
CAFE MIAMAMA INC. (CAFE DOUBLE),1
BOULANGERIE MOMOI,1
LE PETIT BISTRO,1
PHO EXPRESS MONTREAL,1
MARCHE BADRE,1
RESTAURANT DRAGON DE CHINE,1
CAFE ENCORE,1
POULET FRIT KENTUCKY/TACO BELL #1124,1
LE WOK,1
PIZZERIA NIKKOS,1
LA HABANERA,1
BOULANGERIE MAXIES CAVENDISH,1
RESTAURANT MY CANH,1
DARK AND BLUE,1
LE TABLE 09,1
BOULANGERIE ET PATISSERIE RIVIERA,1
INTERMARCHE LAGORIA (JARRY),1
RESTAURANT LA PETITE GONDOLE,1
CAFE MONDIAL,1
BOUCHERIE TRANZO,1
MARCHE LIMA LIMON,1
PIZZERIA L'OASIS,1
THAI EXPRESS ET VILLA MADINA,1
PIZZA LE REGAL,1
MARCHE SAVA,1
PLANETE KEBAB,1
RESTAURANT BAN LAO-THAI,1
RESTAURANT PIZZA SHERBROOKE,1
SUSHI HIROKO,1
RESTAURANT PHO ZUI ZUI,1
B ET M,1
RESTAURANT HOAI HUONG,1
PATISSERIE MAHROUSE,1
O FUZION,1
SEAGULF MARINE INDUSTRIES INC,1
COREE ATTI EXPRESS,1
RESTAURANT ROTISSERIE MARVEN'S,1
SUPERMARCHE ANJOU INC.,1
LIESSE SUPERMARCHE,1
CHEZ PING,1
SUPERMARCHE ITALO INC.,1
CASA GRECQUE,1
GARDERIE LES AMOURS DE MIA ET TIA I,1
BOUCHERIE AL-HILAL,1
EXPRESS MIRAMAR,1
IMPORTATIONS CASA VIVENDI INC.,1
RESTAURANT LE JARDIN DE PANOS INC.,1
RESTAURANT EL TROPICAL,1
L'GROS LUXE SUD-OUEST,1
PIZZERIA MARIO 2 POUR 1,1
RESTAURANT MAGIC,1
SAINT-CINNAMON PLACE BOURASSA,1
BON SUSHI,1
PATISSERIE SUISSE VIENNOISE INC,1
RESTAURANT IMPERIAL,1
LES ALIMENTS PRESTIGE RG (UPS),1
BAMBOU BLEU ENR.,1
TABLA VILLAGE,1
PIZZA VERTU,1
MARCHE ROYAL PLUS,1
CAFE DAFINO'S,1
RESTAURANT NOUVEAU VERDUN,1
YAMI SUSHI (EVS),1
RESTAURANT CASA CACCIATORE,1
DAME TARTINE,1
CAFE VIENNE / PRESSE CAFÉ,1
PIZZERIA NO 900 BERNARD,1
RESTAURANT PINOY PANSITAN,1
RESTAURANT LE BOUCAN,1
GRILLADES TORINO PLACE VERTU,1
BOUCHERIE LA PREFERENCE ANJOU,1
BOULANGERIE PATISSERIE LOU,1
"L'INTERMARCHE LAGORIA  ST-LEONARD, JEAN-TALON",1
RESTAURANT BATON ROUGE SUITE 233,1
CREPERIE SPANEL,1
FOGO DU VIEUX ST. LAURENT,1
MADISONS,1
RESTAURANT PUNJAB PALACE 1991 INC.,1
RESTAURANT CHARROS,1
FALAFEL ST-JACQUES,1
CHOURICOR INC.,1
IKAROS PIZZERIA,1
PIZZA DE EXPRESSO,1
COPPER BRANCH,1
BUFFET DA ENRICO,1
POISSONNERIE NOUVEAU FALERO (2001),1
HOTEL EMPIRE  SUITES,1
MARCHE AMI D ET T,1
110 MIRACLES INC.,1
L'ATELIER D'ARGENTINE,1
QUEUE DE CASTOR/LA CREMIERE MOOZOO/FRITES ALORS,1
MARCHE JEEVA,1
9137-4058 QUEBEC INC.(INTRIA),1
CITRON PRESSE-ARCADE,1
L'AGORA CAFE RESTO,1
FRUITERIE & CHARCUTERIE MONKLAND,1
RESTAURANT L'AMBROISIE,1
RESTAURANT LOTUS,1
LES FOLIES DE MONTREAL,1
BOUCHERIE NAPPI,1
KOJAX SOUFLAKI,1
DEPANNEUR FRAIS EXPRESS,1
CATIC CANADA,1
M.M. MUFFINS,1
BOULANGERIE PATISSERIE L'ARTISAN,1
RESTAURANT AMIR-PIERREFONDS,1
RESTAURANT Y LAN,1
LE CINQ,1
1 MINUTE (ARRIVÉE INTER),1
RESTAURANT T&T,1
LYLAC RESTO CAFE,1
TRAITEUR FELIX,1
PIZZA BELLA,1
RESTAURANT PHO 223,1
DONG QUE,1
DAMON FOOD TRUCK (PLAQUE: FLC5747),1
RESTAURANT TIJUANA TACOS,1
MARCHÉ EPICURE COTE SAINT-LUC,1
RESTAURANT PNT,1
AL AMINE,1
NOUVEAU PALAIS /  WINNEBURGER (CAMION  PLAQUE : FHH6032-0),1
BISTRO K2,1
CAFE BISTRO UNIKA,1
BOULANGERIE VASCONIA,1
DELI 500,1
PATISSERIE ET RESTAURANT LA LEGENDE,1
LE CHEESE TRUCK (CAMION PLAQUE L590453),1
RESTAURANT RAMEN MISOYA,1
PLACE TEVERE (FAIRVIEW),1
RESTAURANT PHO BOWL,1
RESTAURANT CHIN CHOW,1
ORANGE CAFE,1
KIMCHI CENTRE EATON,1
LES DIABLOTINS GOURMANDS,1
SEMOLINA TRAITEUR ET CAFETERIA URBAINE,1
LORD WILLIAM,1
LES ALIMENTS SLC INC.,1
PASTA D'ICI,1
VINCENT SOUS-MARIN III,1
RESTAURANT EL MESON,1
PIZZA VILLAGE MONTPELLIER,1
MARCHE AL RIHAB,1
GLACES ET SORBETS KEM COBA,1
BISTRO TOT OU TARD,1
CAFETERIA DU COLLEGE LASALLE,1
BAR LA PORCHETTA,1
MARCHE BOULANGERIE WESTMINSTER,1
PETITE ECOLE DES GRANDES DECOUVERTES,1
SUKIYAKI,1
BISTRO GOURMET,1
FRESHII,1
AUX TROIS 2/20 (DEVINS),1
8098 INTERMARCHE LAGORIA (BELANGER),1
PIZZERIA NAPOLETANA INC.,1
RESTAURANT DIABLOS SAINT-LAURENT,1
BOB PRODUITS FRAIS,1
CAFE MAURIZIO,1
RESTAURANT SUKIYAKI PVM,1
BOULANGERIE L'EPI DORE,1
DEPANNEUR MALEC (ULTRAMAR),1
CAFETERIA TECCART,1
SUPERMARCHÉ MUNDIAL,1
BOITE GEISHA,1
RESTAURANT MON AMI DRIVE IN,1
RESTAURANT LA CITRONNELLE,1
ROTISSERIE GICANO,1
LES ALIMENTS ADP,1
JAVA U/RELAY ( DOM-1),1
BOULANGERIE NOTRE MAISON,1
FLEUR DU SOLEIL,1
RESTAURANT GRILL SELECT,1
SUPER C / PIERREFONDS #5910,1
RESTAURANT BERCY,1
RESTAURANT SANTA LUCIA,1
8768 INTERNATIONAL DU PARC (9191-0174),1
NOUVEAU SYSTEME CHIEN CHAUD BEAUBIEN ENR.,1
PARADIS BBQ,1
EPICERIE RESTAURANT LATINO DAVID,1
BRASSERIE AURORA,1
BASHA HOCHELAGA,1
SUSHI NOBORI,1
PIZZA CITY,1
PIZZA MORY,1
RESTAURANT LES BAGUETTES D'ASIE,1
RESTAURANT DÉLICES NAN,1
AUGUSTO AL GUSTO,1
POISSONNERIE SOMERLED LTEE,1
DIESE ONZE JAZZ CLUB (BISTRO LA KEMIA),1
VILLA MADINA,1
BOULANGERIE PATISSERIE & CHAR. LAURA ENR,1
RESTAURANT MIRCHI,1
ORGANIC CUNTER,1
BOULANGERIE CHARCUTERIE SAN PIETRO,1
LE SAINT-HOUBLON,1
LE VIET,1
LES 3 MARIA,1
MARCHE AL RAJI,1
RESTAURANT PHO APPETIT,1
LES PATES RICARDO'S,1
DUC DE LORRAINE,1
MANUFACTURE PASTATELLA INC.,1
CAFE DU MEDICLUB,1
CASSE-CROUTE SISSI ET PAUL,1
RESTAURANT BATON ROUGE,1
DEPANNEUR 7 JOURS SOLEIL,1
RESTAURANT CACIQUE GRILL,1
RESTAURANT SEOUL B.B.Q,1
RESTAURANT MAMMA'S,1
FRUITERIE 440,1
MARCHE FOODERIE CENTRE-VILLE,1
RESTAURANT NICKEL'S,1
LA BELLE PROVINCE PRINCE-ARTHUR,1
MARCHE SWADESH,1
ANGELA PIZZERIA ET RESTAURANT,1
SIDOU CAFE,1
RESTAURANT MIGA,1
PIZZA FOREST,1
CAFE REPLIKA,1
NEW VICTORIA FISH,1
BOULANGERIE PATISSERIE L'ALGEROISE (WELLINGTON),1
GOURMET SANTE,1
RESTAURANT THAILANDAISE,1
CAFE PANINOTECA,1
RESTAURANT LUN HONG,1
SUBWAY LA RONDE (PETIT),1
CAFE BONNE CHANCE,1
CHEZ TAU BAY,1
BOULANGERIE LAHMAJOUN SETA,1
RESTAIRANT DOM. CARLOS,1
RESTAURANT VIA,1
RESTAURANT LE NOUVEAU PARAGON II,1
PIZZA MASSON,1
MADISSON NEW-YORK GRIL & BAR (KIRKLAND),1
LA MAISON DES DELICES,1
EXPRESS DELI ED #240A,1
MINI-EMANUELLE ME #231A,1
PHARMACIE JEAN COUTU,1
OH! DUMPLINGS,1
SUPERMARCHE BRITO,1
PARADIS CHI MING,1
PIZZA ZIA / PLACE TEVERE #204A (STADE OLYMPIQUE),1
PHARMAPRIX,1
BONBON DEPOT,1
BRIOCHE DOREE,1
MARCELLO'S MARKET AND DELI,1
RESTAURANT KUM MON C.D.N.,1
RESTAURANT TEX-MEX,1
RÔTISSERIE PORTUGAISE ASSADO,1
SQUISH CANDY,1
RESTAURANT LE JARRY 2006 INC.,1
CUISINE SZECHUAN,1
CAFE 6E AVENUE,1
MAISON DE KABAB 2015,1
RESTAURANT CARLOS & PEPE,1
DEPANNEUR LE PICK-UP,1
MONSIEUR STEERBURGER (1974) LTEE,1
LE GOUT DU VIETNAM S.E.N.C.,1
PITA BURGER,1
DEPANNEUR LE BEL AGE,1
REST.MARCHE CENTRAL BOGATY INC.(BISTRO DU MARCHE),1
RESTAURANT P.M.,1
LA BARAQUE DU VIEUX SAINT-VINCENT,1
PATISSERIE HARMONIE,1
TAVERNE F,1
R LAFLEUR (KIOSQUE 160),1
RESTAURANT SAVEURS THAI,1
K-73 KITCHEN,1
BOULANGERIE RICHARD,1
PATISSERIE AL HALLAB,1
PRIMO PATES ET PIZZA #709,1
MUFFIN PLUS,1
GRILLADERIE NOSTOS,1
HOLLE PIZZA,1
RESTAURANT KAWALI,1
RESTAURANT DA GIOVANNI EST INC.,1
RESTO-BAR CAPUCINE,1
RESTAURANT INDIA BEAU VILLAGE,1
BOULANGERIE & CIE EXPRESS,1
PIZZERIA SURPRISE 2010,1
CAFE PORT-ROYAL,1
MARCHE AL MIZAN,1
CAFE VENEZIA,1
RESTAURANT ODAKI,1
RESTAURANT BEIJING INC.,1
PARADISE KOSHER,1
RESTAURANT BONA PIZZA PASTA,1
"LA CORNICHE, CUISINE TUNISIENNE",1
DOLCI PIU,1
RESTAURANT OTTAVIO VSL,1
FERME AVICOLE BERNARD MORIN & FILS,1
BOULANGERIE PATISSERIE PICADILLY,1
PIZZA 2 POINTES,1
BOULANGERIE MEME TARTINE,1
RESTAURANT JAIPUR TANDORI,1
LOCAL LOCAL U-1,1
PIZZERIA ANJOU,1
MIKASA SUSHI BAR,1
RESTAURANT KAROUN EXPRESS,1
PIZZA QUATRE FRERES,1
PIZZA NEW YORK,1
HAMZA FRUITS,1
LESLIE KLEIN,1
RESTAURANT LE BARDECO,1
DEPANNEUR AU COIN DU PARC,1
RESTAURANT FAMILI,1
RESTO BAR NICKELS ST-LAURENT,1
RISTORANTE VENEZIA (TRAVELODGE),1
CAFE TU SOL,1
SHISH POULET,1
SPECIALITES SLOVENIA  BOUCHERIE ET CHARCUTERIE,1
BOULANGERIE ET PATISSERIE DU MARCHE DE L'OUEST,1
LE PARCHEMIIN,1
RESTAURANT SOLEMER,1
RESTAURANT BARDECO,1
COTE ST-LUC BAGEL,1
PHO MODERNE,1
LE JARDIN HOCHELAGA,1
MISTER PATTY,1
BOULANGERIE KASCHER DE MONTREAL LTEE,1
RESTAURANT CASA ANTILLAISE,1
RESTAURANT KAM THAI PLUS,1
SUSHI SHOP D.D.O,1
RESTAURANT ZYKAA,1
RESTAURANT LA PETITE MARCHE,1
SHARK POOL BAR,1
RESTAURANT DAGWOODS,1
LE PARADIS DU POULET,1
CHEZ LA MERE RESTAURANT,1
QUALITY HOTEL DORVAL,1
LA BOULANGERIE & PATISSERIE NOUVEAU NAVARINO,1
CHARCUTERIE DE TOURS (SAUCISSIER),1
MING MING NOUILLE,1
POISSONNERIE FLEURY,1
CSH-HCN LESSEE (LACHINE) LP 5023,1
NOUILLE EXPRESS,1
RESTAURANT PHO MAISONNEUVE,1
AJ'S BAR ET RESTAURANT,1
RESTAURANT NOODLE FACTORY INC.,1
GASTRONOMIA ROBERTO ENR.,1
BRASSERIE COTE ST-PAUL,1
RESTAURANT WANG JI,1
BOULANGERIE ET PATISSERIE SARA,1
RESTAURANT MISTINGUETTE,1
ELATOS FAMOUS GYROS,1
RESTAURANT COSTA VERDE (EVS),1
RESTAURANT PARTHENON,1
RESTAURANT MIKADO  (EVS),1
QING HUA DUMPLING,1
RESTAURANT BAHAY KUBO,1
MARCHE DE LA VILLETTE,1
CAFE BANH MI LINH,1
COTE GARS,1
RESTAURANT YAKIMONO,1
POULET BRONZE,1
RITES BERBERES,1
CAFE JOUNIEH,1
RESTAURANT MARUSAN,1
CENTRALE BERGHAM HENRI-BOURASSA,1
RESTAURANT NOUVEAU AMIR,1
RESTAURANT LE 3075 # 5253,1
TORO SUSHI BAR,1
CAFE EL MUNDO (TOUR BELL),1
RESTAURANT NEW RIVOLI,1
RESTAURANT LARIMAR,1
PATISSERIE MERSONS,1
LES ENTREPRISES MACHADO,1
PRODUITS ALIMENTAIRES MONDIAL,1
MARCHE MADNI,1
CAFE BISTRO SINOGER,1
NOUVEAU MAISON KAM,1
PATISSERIE WAWEL,1
EURO-MARCHE ST-MICHEL ENR.,1
CAFE EXPRESSIONS,1
FRUITERIE TSIKINIS,1
MADISONS NEW-YORK GRILL & BAR (ANJOU),1
BOUCHERIE ET GRILLADES SABRAH,1
CREPERIE SAINT-PAUL,1
BAGUETTE CALI,1
GRILLADES SIZ-ZLE,1
VIANOU BOUL. PAT. INTERNATIONALE ENR.,1
DELI PLANETE RESTAURANT,1
TAPIOCA THE,1
MONTANARA PIZZERIA,1
PAPINEAU JOJO PIZZA,1
DEPANNEUR CHEZ NENETTE,1
GRANADA PIZZA,1
LE POURVOYEUR,1
AMUSE-BOUCHE TSAK-TSAK,1
INTERMARCHE LAGORIA (VIAU),1
MARCHE KELLI,1
PIZZA 24H,1
YAGEL BAGEL (EXPRESS INDIEN),1
AHMED CAFE,1
CHEZ CHILI,1
DEPANNEUR 7750 HOCHELAGA 2005,1
MARCHE LES BEAUX TEMPS,1
BOULANGERIE ADRIATICA,1
RESTAURANT PHOENIX ORIENTAL,1
OLLY FRESCO'S,1
CUILLERE GRAISSEUSE,1
BONJOUR SUPERMARCHE,1
RESTAURANT PORTUS 360,1
SOUS-MARINS NHA TRANG,1
CHEZ O,1
NICKEL'S GRILL ET BAR,1
AU BON CAFE,1
LA PORTE ROYALE,1
LA FAMIGLIA & CO.,1
RESTAURANT MADEMOISELLE JEAN-TALON,1
RESTAURANT CACTUS,1
ELIO PIZZERIA INC,1
WOO DEPANNEUR,1
SALLE DE RÉCEPTION ANTIQUE,1
LAITUE ET GO,1
LACHINE ARENA PIZZA BBQ ET BROCHETTERIE,1
THAI EXPRESS! SUSHI SHOP LES JARDINS DE DORVAL,1
L.H. CINQ-CONTINENT,1
LEOPOLDO FRUITS ET LEGUMES,1
EUROPEA ESPACE BOUTIQUE PAT. TRAITEUR,1
RESTAURANT WOK'N ROLL,1
CHARCUTERIE FROMAGERIE LA PETITE ITALIE (1990) INC.,1
RESTAURANT PALAIS IMPERIAL,1
RESTAURANT BOMBAY MAHAL,1
8769 INTERNATIONAL ST-LAURENT (MARCHE BY),1
LA PETITE TONKINOISE,1
SANDWICH VIETNAMIEN HOANG OANH,1
BATANGAS EXPRESS (MY BUBBLE TEA),1
CHEZ L'EPICIER RESTAURANT,1
MARCHE 18 ENR.,1
RESTAURANT YUKI RAMEN,1
RESTAURANT BARROS LUCO,1
BOULANGERIE JAURA,1
PLANETE-PAIN,1
PIZZA CHARLEVOIX 2 POUR 1,1
SOCIETE BOYE COIFFURE,1
BISTRO VITALITE,1
MARCHÉ B.A.,1
ZINMAN MARCHE DE VOLAILLES ST-DOMINIQUE,1
RESTAURANT TRE MARIE,1
GOUTER CARAIBES,1
BOULANGERIE BRUNO,1
RESTAURANT TUONG LAI,1
LA SAIGONNAISE,1
CAFE DOUBLE,1
RESTAURANT ARGANA,1
MARCHE CHOLAN,1
RESTAURANT JUMBOS,1
RESTAURANT PERCE,1
WOK ET SOUPE,1
AU PARADIS DU FROMAGE,1
CARAVANE CAFE BOIRE MANGER DECOUVRIR,1
ROTISSERIE RESTAURANT PORTUGALIA,1
RESTAURANT HUONG XUA,1
CLUB ESPAGNOL DE QUEBEC,1
PATISSERIE COCOBUN,1
PHO TRANG AN RESTAURANT VIETNAMIEN,1
